{
  "accuracy": 0.9819059711965783,
  "precision": 0.815140250084488,
  "recall": 0.9591219977731827,
  "f1": 0.8812890496547189,
  "roc_auc": 0.9967844241411515,
  "threshold": 0.75,
  "train_test_split": "70/30",
  "sampling": "SMOTE on training set only"
}