{
  "accuracy": 0.986119557590136,
  "precision": 0.906712172923777,
  "recall": 0.8937322549089781,
  "f1": 0.9001754259486219,
  "roc_auc": 0.9970514453542312,
  "threshold": 0.85,
  "validation_method": "5-Fold Stratified Cross-Validation",
  "sampling": "SMOTE inside each training fold"
}