{
  "accuracy": 0.9777458482306947,
  "precision": 0.7866666666666666,
  "recall": 0.9360610759871167,
  "f1": 0.8548861531757272,
  "roc_auc": 0.9954225134390364
}